IMAGESERIESID,EXAMNUMBER,RADIOLOGIST,COMMENTS,TUMORLOCATION,SIDEOFTUMOR,ELOQUENTCORTEX,RESOLUTION,COLOR,DATOFEXAM
2.16.124.113543.6003.3342685917.53028.19438.979964858,8,Dr.Smart,,Insular,Right,None,1024,white,1/1/2001
2.16.124.113543.6003.3689628092.39368.19683.591763358,3,Dr.Smart,,Temporal,Right,None,1234,purple,3/2/2009
2.16.124.113543.6003.121591217.13842.19801.1684612788,4,Dr.Smart,,Frontal,Right,None,542,red,3/31/2009
2.16.124.113543.6003.2770482660.6726.18091.1680495542,5,Dr.Smart,,Frontal,Left,Motor,1245,green,4/22/2009
2.16.124.113543.6003.1026407074.35336.19943.3979511983,1,Dr.Nice,,"Frontal, Insular",Right,None,220,blue,5/1/2004
2.16.124.113543.6003.1148422967.63327.18601.1966978230,2,Dr.Nice, ADC is mixed,Temporal,Left,None,121,black,9/22/2008
2.16.124.113543.6003.2241039616.45708.20383.2016653450,3,Dr.Nice,no adc map,Temporal,Right,None,100,yellow,11/2/2009
2.16.124.113543.6003.4014648063.59287.20110.1232891271,4,Dr.Nice,no adc,Frontal,Right,None,1000,green,4/4/2005
2.16.124.113543.6003.3906185123.7481.18546.2062635705,4,Dr.Nice,no adc,Frontal,Right,None,101,turquoise,11/11/1991
