IMAGESERIESID,EXAMNUMBER,RADIOLOGIST,COMMENTS,TUMORLOCATION,SIDEOFTUMOR,ELOQUENTCORTEX,RESOLUTION,COLOR,DATOFEXAM
2.16.124.113543.6003.2724626544.33753.17207.662539691,8,Dr.Smart,,Insular,Right,None,1024,white,1/1/2001
2.16.124.113543.6003.1547427609.23172.20017.250358709,3,Dr.Smart,,Temporal,Right,None,1234,purple,3/2/2009
2.16.124.113543.6003.1.857.80829.1220.8601078.80.1,4,Dr.Smart,,Frontal,Right,None,542,red,3/31/2009
2.16.124.113543.6003.990192198.38331.16523.3665049472,5,Dr.Smart,,Frontal,Left,Motor,1245,green,4/22/2009
2.16.124.113543.6003.4058852723.18851.17180.360960134,1,Dr.Nice,,"Frontal, Insular",Right,None,220,blue,5/1/2004
2.16.124.113543.6003.3133544198.21365.18909.159499946,2,Dr.Nice, ADC is mixed,Temporal,Left,None,121,black,9/22/2008
2.16.124.113543.6003.943136466.9293.20377.1653551751,3,Dr.Nice,no adc map,Temporal,Right,None,100,yellow,11/2/2009
2.16.124.113543.6003.3111681933.17701.19952.4205348538,4,Dr.Nice,no adc,Frontal,Right,None,1000,green,4/4/2005
2.16.124.113543.6003.1.857.80828.1120.9007593.726.1,4,Dr.Nice,no adc,Frontal,Right,None,101,turquoise,11/11/1991
